Gender,Married,Dependents,Education,Self_Employed,Credit_History,Property_Area,Loan_Status,ApplicantIncomeLog,LoanAmountLog,Loan_Amount_Term_Log,TotalIncomeLog
1,1,0,1,0,1.0,0,1,0.5356898415771321,0.9892833343781839,0.26994075504886195,0.5781691043208149
1,1,0,1,0,1.0,0,1,-0.6443174831053544,0.3645477549044799,0.26994075504886195,-0.3860652200265219
1,1,1,1,0,0.0,1,0,-0.4741339762637316,-0.1361587748197896,0.26994075504886195,-0.5271646015048661
1,0,0,1,0,1.0,1,0,1.6310628994940934,0.4787884711698447,0.26994075504886195,1.327895817518117
1,1,2,1,0,1.0,2,1,-0.4193757717578354,-1.2387401761693448,0.26994075504886195,-0.7356582048079692
1,1,2,0,0,1.0,1,1,-0.3562121748606763,-0.5411700164912777,0.26994075504886195,-0.16110006455717707
1,1,2,1,0,1.0,2,1,2.1406610624872036,1.5266100312026445,0.26994075504886195,1.9309612100702578
1,1,0,0,0,1.0,2,1,-0.75160478236161,-0.15292231658114633,0.26994075504886195,-0.3012729201059736
1,1,1,1,1,1.0,1,1,-0.8688069854938901,0.24921930153755226,0.26994075504886195,-1.6308875117124508
1,1,1,1,0,1.0,1,1,-0.17336036283282602,-0.22139124533710594,0.26994075504886195,-0.8076680750187681
1,1,0,1,0,1.0,2,1,0.039293771753878416,-0.18686908283922063,0.26994075504886195,-0.5559654483857152
1,0,0,0,0,1.0,0,1,-0.11172739752999453,-0.34704616653621206,0.26994075504886195,-0.08192738371395013
0,0,3,1,0,1.0,2,0,-3.5816768159158947,2.016217030316595,-1.9620121682963878,3.63161383525785
1,0,0,1,1,1.0,2,1,0.8314416483337924,-0.022525230663951786,0.26994075504886195,0.3815772068931932
1,1,0,1,1,1.0,1,1,0.42159249667537985,-1.2387401761693448,0.10458445304922687,0.9918647986618404
1,1,2,0,0,1.0,1,1,-0.20469779696741983,-0.3656468330399751,0.26994075504886195,-0.7276724488953777
1,0,0,1,0,1.0,0,0,1.1410435657313824,1.7566424105234804,0.26994075504886195,1.4630956974233618
1,0,1,1,1,1.0,0,0,0.1742677912762675,-0.4033656670350277,0.26994075504886195,-0.3962111384781166
1,1,0,0,0,0.0,2,0,-0.8310634147553837,0.6785155126266217,0.26994075504886195,-0.3594082283650003
0,0,1,1,0,1.0,2,1,-0.5849516329550991,-0.7332581253210226,0.26994075504886195,-0.4992224165931359
0,0,0,1,0,1.0,2,1,-0.5220666080899834,-1.5479324127674339,0.26994075504886195,-1.2204258614611154
1,1,0,0,0,1.0,2,1,-0.9094846729340591,-0.6243145741385927,0.26994075504886195,-0.7598260162318159
1,1,1,0,0,1.0,2,1,0.12795890516315622,0.4033443341365981,0.26994075504886195,-0.012366863970578063
1,1,1,0,0,1.0,0,1,-0.8072312618981643,0.24921930153755226,0.26994075504886195,-0.3289784232213422
1,1,2,1,0,1.0,1,1,0.538829609417411,0.054927402944577285,0.26994075504886195,0.03526756811222794
0,1,0,0,0,1.0,1,1,-1.2051853100207839,-0.5209035923012357,0.26994075504886195,-0.8969538745429337
1,0,0,1,0,1.0,2,1,-0.8153432389595474,-1.5815986144095513,0.26994075504886195,-1.5675963157029094
1,1,1,1,0,1.0,2,1,-0.3562121748606763,0.4033443341365981,0.26994075504886195,0.22552208152612602
1,1,3,1,0,1.0,0,1,2.693675483212455,2.1290857298063846,0.26994075504886195,2.585392539876528
1,1,2,1,1,1.0,2,1,-0.3641438286786945,-0.7785212953159051,0.26994075504886195,0.2893828076948975
1,1,1,1,0,1.0,1,0,-0.4561619443030007,0.5515375911690307,0.26994075504886195,-0.03633400014417842
1,1,1,1,0,0.0,2,0,0.6558468914336706,0.6672936725236185,0.26994075504886195,1.564435075334255
0,1,0,1,0,0.0,2,0,-0.7148163588263508,-0.15292231658114633,0.26994075504886195,0.0810939821722183
0,0,0,1,0,1.0,2,0,-0.8798548467603032,-5.230980528010897,0.26994075504886195,-1.6439662503515307
1,1,2,0,0,1.0,2,1,0.012005553808468442,-0.3286138341642324,0.26994075504886195,-0.18431258145946677
0,1,0,1,0,1.0,0,0,0.13780585237723655,-0.2922421743076363,0.26994075504886195,-0.43936693253396847
1,1,2,0,0,1.0,2,1,0.03459806685039067,0.054927402944577285,-1.9620121682963878,0.4774041282958227
0,0,0,0,0,0.0,2,0,-0.6714494195528675,-0.9703579369157057,0.10458445304922687,-1.3972569121049216
1,1,1,1,0,0.0,0,0,-0.633707474696518,0.24351657877016378,0.26994075504886195,-0.3915214390193583
1,0,0,1,0,1.0,1,1,-0.5345457751866802,0.2156153366132275,0.26994075504886195,-0.01904618586932309
0,1,0,0,1,1.0,0,1,0.8260207495266875,0.12954229704325454,0.26994075504886195,0.37516160060328857
1,1,3,0,0,1.0,1,1,-0.4325185446520128,-1.1271090167328655,0.26994075504886195,-1.114426614129005
0,0,1,0,0,1.0,1,1,0.33104900180460384,0.03967071118511401,0.26994075504886195,-0.21064969281456636
1,1,2,1,0,1.0,2,1,1.5993238372100942,0.7445783468011383,-1.9620121682963878,1.290334885506831
1,1,3,1,0,0.0,0,0,4.5937379572568,2.073433119253765,0.26994075504886195,4.8338470581632755
1,0,0,1,0,1.0,0,0,2.4415623095118715,2.65796113306807,0.26994075504886195,2.287045964878497
1,0,0,1,0,1.0,2,1,0.2573038972958118,-0.07045117895197808,0.26994075504886195,-0.2979316701576931
1,1,2,1,0,1.0,1,1,0.32925493560556157,0.3645477549044799,0.26994075504886195,-0.2127730735522484
1,1,0,1,0,0.0,2,0,-1.2877789475327062,-0.5209035923012357,0.10458445304922687,-1.1231267552223898
1,1,3,1,1,1.0,1,1,0.3533015308262744,0.7445783468011383,0.26994075504886195,0.348751094911261
1,1,1,1,0,1.0,1,1,-0.6544364412208941,-0.23887426106345835,0.26994075504886195,-0.43576493746938744
1,1,0,1,0,1.0,2,1,-0.9336027970770142,-0.4417962189813508,0.26994075504886195,-0.7741924145703899
0,0,0,1,0,1.0,1,1,-0.025893826645045956,-0.23887426106345835,0.26994075504886195,-0.6331221763719149
0,0,0,1,0,1.0,2,1,-0.39819362600260577,-0.9703579369157057,0.26994075504886195,-1.0737962635085467
1,1,1,1,0,1.0,2,0,-0.01017592587738517,0.8908700456464086,0.26994075504886195,0.47350962048030104
1,0,1,0,0,1.0,1,1,-0.695006358341755,-0.6456420865664005,0.26994075504886195,-0.6979161516571525
1,1,0,1,0,1.0,1,1,-0.11770186805512112,0.45394964105656915,0.26994075504886195,0.21797622400953584
0,0,0,1,0,0.0,1,0,-0.01017592587738517,-0.22139124533710594,0.26994075504886195,-0.6145182328117088
1,1,1,1,0,1.0,2,1,-0.49282475051916047,-0.5209035923012357,0.26994075504886195,-0.651916560879352
0,1,0,1,0,1.0,1,1,-0.43594418128970297,-2.5662221098179345,0.26994075504886195,-1.118481550113592
1,1,3,1,0,0.0,1,1,3.4989793778347664,3.111603669461462,-1.9620121682963878,3.5383636580380373
1,1,3,1,0,0.0,2,1,0.050792244597995605,0.4288041509771439,0.26994075504886195,0.09881019846922746
0,0,0,1,0,1.0,1,1,-0.07325030640655872,0.2156153366132275,0.26994075504886195,0.1375455333201353
0,0,0,1,0,1.0,0,1,-0.572062104386173,-1.2102535743801786,0.26994075504886195,-1.2796070841919152
1,1,3,1,0,0.0,1,0,-0.5009775079479815,0.4033443341365981,0.26994075504886195,-0.09118351738323004
1,1,0,1,0,1.0,1,1,2.143079574369876,-0.3286138341642324,0.26994075504886195,1.9338232782100295
1,1,0,1,0,0.0,0,1,-0.8128427258022758,-0.7332581253210226,-1.9620121682963878,-0.29830262002053043
1,1,3,0,0,1.0,0,0,-0.7136440368376232,0.5869603766426001,0.26994075504886195,-0.5847916046071754
1,1,2,1,1,1.0,0,1,-0.8022602746159628,0.6217776146681756,0.26994075504886195,0.36433265666018955
0,0,0,1,0,0.0,2,0,-0.8655725292917734,-0.4417962189813508,0.26994075504886195,-0.5722590212025359
1,1,0,1,0,1.0,1,1,-0.1829033975431033,0.02429887349315886,0.26994075504886195,-0.10382052088742055
1,1,0,1,0,1.0,2,1,0.15195705998246395,-0.31034681641645084,-10.476086353815797,0.4605497390061202
1,0,0,1,0,1.0,2,0,-0.23668123146805609,-0.9703579369157057,0.26994075504886195,-0.8826179239840634
1,1,0,1,0,1.0,2,1,-0.4325185446520128,0.11483639325500206,0.26994075504886195,0.11369126826083441
1,0,1,1,0,1.0,1,0,1.530935609358952,0.8398207862488731,0.26994075504886195,1.209402038158456
1,1,0,1,0,1.0,0,0,0.43980853271125675,0.6102378737347447,0.26994075504886195,0.5156633723252837
1,1,0,1,0,1.0,1,1,-0.3562121748606763,-0.022525230663951786,0.26994075504886195,0.0034391594384085575
0,1,0,0,0,1.0,1,1,-0.5107148787967258,-0.4809658651302225,0.26994075504886195,-0.8422642921159011
0,0,0,1,0,1.0,0,1,0.8385683567481509,-0.15292231658114633,0.26994075504886195,0.3900116254591952
1,1,0,1,0,1.0,2,1,-1.303981234630888,-0.7332581253210226,0.26994075504886195,-0.8437616549879688
1,1,0,1,0,1.0,1,1,0.19593625456939043,0.4033443341365981,1.1977569913715491,-0.3705647789545551
1,1,0,1,0,1.0,1,1,-0.849500621775329,0.20152006356746585,0.26994075504886195,-0.3678656050190662
1,0,0,1,0,1.0,2,0,1.2131016446883682,1.2839451766884373,0.26994075504886195,0.8332626169092869
1,1,0,1,1,1.0,0,1,-2.834400560852762,0.5275754462414939,0.26994075504886195,0.04606315938254872
0,0,1,1,1,1.0,1,1,0.8917290316867542,0.24921930153755226,0.26994075504886195,0.4529268114902546
1,1,0,1,0,1.0,0,0,-5.157769576556438,0.08510215968022333,0.26994075504886195,-2.008287754251226
1,1,1,1,0,1.0,1,0,3.239822381444426,1.4127950143486587,0.26994075504886195,3.231687184388824
1,1,2,0,0,1.0,0,1,0.9360625642593783,0.7227946222925067,0.26994075504886195,0.5053949313547236
1,1,0,1,0,1.0,0,0,2.4025041357869337,3.007309957355396,0.26994075504886195,2.6751814298087737
1,1,1,1,0,1.0,2,1,1.0159207418110514,1.3574234031304613,0.26994075504886195,0.6536988743735314
1,0,0,1,0,0.0,1,0,1.9771560186315378,1.2672503387379954,0.26994075504886195,1.7374686186982076
1,1,3,1,0,1.0,2,1,3.8989976355850775,3.4250872339502947,-0.3177013989545319,4.011727510512315
1,1,1,0,0,1.0,2,1,0.70546313455081,0.11483639325500206,-1.9620121682963878,0.23248144221955083
1,1,0,1,0,1.0,0,0,1.9441204415490743,1.7301044608045406,0.26994075504886195,1.9438055275599881
1,1,3,0,0,1.0,0,0,-0.2706585325473972,-0.9453667175295052,-1.9620121682963878,-0.9228355596786969
1,1,1,1,1,1.0,0,0,1.3482044490904317,0.3645477549044799,0.26994075504886195,0.9931504601337836
1,1,3,0,0,1.0,1,0,0.2513381318792273,-0.022525230663951786,0.26994075504886195,-0.3049925655027522
1,0,0,1,0,1.0,1,1,-0.5534547603417966,-0.5616401267484269,0.26994075504886195,-1.2575809170630337
1,1,3,1,0,1.0,0,1,0.6599621379885264,0.3904940780954396,-1.9620121682963878,0.17863050012721207
1,1,1,1,0,1.0,2,1,-0.3176048161167707,0.7337156073119748,0.26994075504886195,-0.2191579899788073
1,1,1,1,0,1.0,0,0,0.032788235689549236,0.57522110018843,-4.405608334510434,0.4110557495406446
1,0,2,1,0,1.0,0,1,0.058292070374151836,0.10002353649976206,0.26994075504886195,-0.5334790053208889
1,0,0,0,0,1.0,0,0,0.8669638591990013,-0.15292231658114633,0.26994075504886195,0.42361748669161153
0,1,0,1,0,1.0,1,1,-0.5566287841113607,0.144142781260235,0.26994075504886195,-0.18570773072102753
1,1,0,1,0,1.0,1,1,0.042536339450802534,0.008810138574648812,0.26994075504886195,-0.5521275310530517
1,1,0,1,0,1.0,2,1,0.5897389782430962,1.8594659504994373,0.26994075504886195,1.0002969971527067
1,0,2,1,0,1.0,1,1,-0.2293736525545523,-0.38441893667411997,0.26994075504886195,-0.8739682536206791
1,1,0,1,0,1.0,0,1,-0.7025509346501453,-0.1361587748197896,0.26994075504886195,0.3293499135046836
1,1,2,1,0,1.0,2,1,0.49777693686928176,0.7980396529346346,0.26994075504886195,-0.01331956640821689
1,1,0,0,1,1.0,1,0,0.0547252456349193,-0.8015357642128978,0.26994075504886195,-0.2503353608900585
1,1,0,1,0,1.0,1,1,0.6395208576077175,1.4049763528227515,0.26994075504886195,1.154067212322085
1,0,0,1,0,1.0,0,0,0.5071422981899899,1.7763213928521242,0.26994075504886195,0.8952994238966303
1,1,2,1,0,1.0,1,1,0.17954860668083106,0.29819795224392004,0.26994075504886195,0.08410878800539512
1,1,0,1,0,1.0,2,1,0.19332583447390114,0.008810138574648812,0.26994075504886195,0.3599312898513048
1,1,2,1,0,1.0,1,1,-0.18707092107547188,-0.15292231658114633,0.26994075504886195,-0.8238965291990321
1,1,0,1,0,1.0,2,0,0.050792244597995605,-0.3286138341642324,0.26994075504886195,0.280742714856555
1,1,0,1,0,1.0,0,1,-0.19250549082867818,-0.15292231658114633,0.26994075504886195,-0.037621077897463606
1,1,3,1,0,0.0,1,0,-0.43545434132406635,0.6672936725236185,-0.3177013989545319,0.3815772068931932
1,1,0,1,0,1.0,1,1,0.16098657961750007,0.24921930153755226,0.26994075504886195,0.6366112719529482
1,0,0,1,0,1.0,1,0,-0.8022602746159628,-0.6032080761786183,1.1977569913715491,-1.5521086387527352
1,1,2,1,0,1.0,2,0,0.14893550483422718,0.0700706610025659,0.26994075504886195,-0.4261940226256168
0,0,0,1,0,1.0,0,1,-0.16840459153441378,0.08510215968022333,0.26994075504886195,-0.12868187223694816
0,0,1,1,0,1.0,2,1,1.7862014358423788,-2.3571403554771493,0.26994075504886195,1.5114903886416438
1,0,0,1,0,1.0,1,0,-0.3171509421693288,-0.03837557389700688,0.26994075504886195,-0.9778672584393954
1,1,1,1,1,1.0,1,1,2.1407541519174558,-0.8248132613050442,0.26994075504886195,2.1635666208932802
0,1,1,1,0,1.0,1,1,1.6310628994940934,2.7246094951541444,0.26994075504886195,1.327895817518117
1,1,2,1,1,1.0,0,1,1.239449818632929,2.18325804083652,-0.3177013989545319,1.9884396893970957
0,1,0,1,0,1.0,1,1,-0.2080781209150844,0.2156153366132275,0.26994075504886195,-0.23378483697514338
1,1,0,1,0,1.0,1,1,-0.10182078694817409,-0.2922421743076363,0.26994075504886195,-0.38256619365064304
1,0,0,1,0,1.0,1,1,0.2399712819322648,-0.4809658651302225,0.26994075504886195,-0.31844603262613663
1,0,0,1,1,0.0,2,0,1.4114370530128528,0.7445783468011383,0.26994075504886195,1.067982800293004
1,1,2,0,1,1.0,1,1,-1.24841181567468,-0.582318058935893,0.26994075504886195,-0.8076680750187681
1,0,0,0,0,1.0,0,1,0.2367989887023211,-1.9940916968835383,0.26994075504886195,-0.32220066857648344
1,1,0,0,0,0.0,2,0,-0.5143177918596707,0.24921930153755226,0.26994075504886195,0.09940776278365476
1,0,1,1,0,1.0,1,1,3.4079194045546424,0.3249977971446943,0.26994075504886195,3.4306069272318416
1,1,0,1,0,1.0,0,1,-0.8405725440801922,-0.006797285124892851,0.26994075504886195,-0.015862525734225485
1,1,0,1,1,1.0,2,1,-0.5194793670731671,-1.356846235003067,0.26994075504886195,-1.2173632813684
0,0,0,1,0,1.0,2,1,-0.8022602746159628,-1.326671478267421,0.26994075504886195,-1.5521086387527352
1,0,0,1,0,1.0,2,1,0.5557271417764572,0.17303346177829954,0.26994075504886195,0.05526626807485846
0,0,0,1,0,0.0,1,0,-1.5944274750718306,-0.4612868828015787,0.26994075504886195,-1.0423722338916586
1,1,3,1,0,0.0,1,0,0.42525285315343836,2.720507260481737,0.26994075504886195,1.9474120967256303
1,1,0,1,1,1.0,1,1,1.2783951128840538,0.7874590638090516,0.26994075504886195,0.9105345610338167
1,1,0,1,1,1.0,0,1,1.342453576601693,0.6672936725236185,0.26994075504886195,0.9863446010582224
1,1,1,1,0,1.0,2,1,0.462213238678784,-2.167537614651137,0.26994075504886195,-0.05541050601247781
1,1,2,1,0,1.0,2,1,-0.3796572881972985,0.2710407655594623,0.26994075504886195,-0.1662714594131506
0,0,0,1,0,1.0,0,1,-0.797923687026329,-1.6860706844846722,0.26994075504886195,-1.5469749767785566
0,0,0,1,1,1.0,1,1,2.053842089874582,-1.7221204543640933,0.26994075504886195,1.8282194150583786
1,1,1,1,0,1.0,0,1,1.9335179123984854,0.7227946222925067,-1.9620121682963878,1.6858268668810221
1,1,0,1,0,1.0,1,1,-0.8765973018344025,0.57522110018843,0.26994075504886195,-0.03344136986377099
1,0,0,1,0,1.0,2,0,-0.8431181854687347,-1.1001316842430864,0.26994075504886195,-1.6004766079333907
0,0,0,1,0,0.0,2,0,0.39715784871846554,0.20152006356746585,1.1977569913715491,-0.1324063879888059
0,0,0,1,0,0.0,2,0,-0.2759524862016983,-1.0735070067323418,0.26994075504886195,-0.9291018331329223
1,0,0,1,0,1.0,1,1,-0.672590278485347,-1.2387401761693448,0.26994075504886195,-1.3986074206909112
1,0,0,1,0,1.0,1,1,-0.2110419576869382,0.7445783468011383,0.26994075504886195,0.7425209284371136
1,0,1,1,0,0.0,2,0,-0.4877509458725747,-0.31034681641645084,-1.9620121682963878,-0.2615737228695406
1,0,0,1,0,1.0,2,0,-0.48420912905726765,-1.2102535743801786,1.1977569913715491,-1.175613211732143
1,1,0,1,0,1.0,2,1,1.830940242751932,0.24921930153755226,0.26994075504886195,1.564435075334255
1,1,0,1,0,0.0,2,0,0.30847267840004045,0.49109520846945826,0.26994075504886195,0.22105420685928698
1,0,0,1,1,1.0,2,0,0.5686011625201143,-0.15292231658114633,-1.9620121682963878,1.06215669422477
1,0,0,0,0,1.0,0,0,0.6105926887297445,0.054927402944577285,0.26994075504886195,0.1202009220546772
1,1,3,1,0,1.0,1,1,0.17393714277671957,-0.5209035923012357,0.26994075504886195,-0.3966024880138359
1,0,0,1,0,1.0,2,1,0.39715784871846554,0.5275754462414939,0.26994075504886195,-0.1324063879888059
1,0,0,1,0,0.0,1,0,-0.01017592587738517,-0.5616401267484269,0.26994075504886195,-0.6145182328117088
1,0,0,1,0,1.0,2,1,-0.3562121748606763,-1.2387401761693448,0.26994075504886195,-1.0241032638581227
1,1,0,0,1,1.0,2,1,0.17525931420591231,-0.6032080761786183,0.10458445304922687,-0.3950375901224911
1,1,1,1,0,1.0,1,1,-0.8078537566219668,-0.4417962189813508,0.26994075504886195,-0.45465374760089877
0,1,0,1,0,1.0,0,0,0.13780585237723655,-0.8721818805907352,0.26994075504886195,-0.43936693253396847
1,1,1,1,0,1.0,1,1,-0.3253410566142967,0.5869603766426001,0.26994075504886195,0.024408124219845957
1,0,0,1,0,1.0,1,1,1.7403752066858358,2.3127017723123866,0.26994075504886195,1.4572587080590511
0,0,0,0,0,1.0,0,1,0.05686632427955567,0.351449582263134,0.26994075504886195,-0.5351665204579479
1,1,0,1,0,0.0,0,0,-0.23970026690227922,0.03967071118511401,-1.9620121682963878,0.550806899480715
1,1,0,1,0,1.0,1,0,-1.0506652359543558,-1.2387401761693448,-1.9620121682963878,0.7576115586505259
1,1,2,0,0,1.0,1,1,-0.10577584409426107,-0.08668041881459192,0.26994075504886195,-0.7276724488953777
1,1,0,1,0,1.0,1,1,-0.6270436072806282,-0.1195320798234484,0.26994075504886195,-0.260483128040996
1,0,0,1,1,1.0,1,1,0.7837446744086912,0.6102378737347447,-1.9620121682963878,0.32512797122493625
0,0,1,1,0,1.0,1,0,0.1844831006468289,-0.9453667175295052,0.26994075504886195,-0.38412049329044756
0,0,0,1,1,0.0,1,0,0.13780585237723655,0.054927402944577285,0.26994075504886195,-0.43936693253396847
1,0,0,1,0,1.0,0,1,0.5557271417764572,0.15863934655955247,0.26994075504886195,0.05526626807485846
1,1,0,1,0,1.0,2,1,0.21505365558132694,-0.15292231658114633,-1.9620121682963878,-0.026069731119755368
1,1,0,1,0,1.0,1,1,-0.0963005897413373,0.0700706610025659,0.26994075504886195,0.13813062457424982
1,1,2,1,0,1.0,2,1,0.9189719484252757,0.7445783468011383,0.26994075504886195,0.4851684484272466
1,0,0,1,0,1.0,0,1,-0.20427577382371268,0.57522110018843,0.26994075504886195,0.5781691043208149
1,0,0,1,1,1.0,2,0,1.496070577790611,-0.8962858166580366,0.26994075504886195,1.168141507610522
1,1,0,0,0,1.0,0,1,0.0389330677935728,0.8190373525811657,0.26994075504886195,0.14892131635698289
0,0,0,1,0,1.0,2,1,-0.7019692783815659,-0.8721818805907352,0.26994075504886195,-0.5598114051181731
0,0,0,1,0,1.0,1,1,-0.4393773979735462,-0.5209035923012357,0.26994075504886195,-1.1225454614578787
1,1,2,1,0,1.0,1,1,0.7269126516908189,1.1641012689213592,-0.3177013989545319,0.6839310638113837
1,0,0,1,0,1.0,0,1,-0.0008950746723688461,-0.15292231658114633,0.26994075504886195,-0.60353329912261
1,1,0,1,1,1.0,2,1,2.0889815156873484,1.4127950143486587,0.26994075504886195,1.8698035445630201
1,1,1,1,0,1.0,2,0,-0.12249806376999917,-1.326671478267421,0.26994075504886195,-0.7474654245342961
1,1,0,1,0,1.0,1,1,-0.5194793670731671,-1.6860706844846722,-1.9620121682963878,0.17834436027782724
1,1,0,1,0,1.0,1,0,1.0654752751269552,0.4288041509771439,0.26994075504886195,0.6585519781816978
1,1,0,1,0,1.0,1,1,-0.7295456139098044,0.29819795224392004,0.26994075504886195,-0.33805452659722046
0,0,0,1,0,1.0,0,1,-0.19753896832757328,-0.6671952911465061,0.26994075504886195,-0.8362870225722668
1,1,2,1,1,0.0,0,0,0.7113212102187261,0.24921930153755226,0.26994075504886195,0.23941452326164933
1,1,2,1,0,1.0,1,1,0.23043487773600632,0.9602554013363095,0.26994075504886195,1.0808055448610498
0,1,2,1,0,1.0,1,1,-1.1244746069990406,-0.27429704653702786,1.1977569913715491,-0.8507655405272081
0,0,0,1,0,1.0,1,0,1.3482044490904317,1.0179033672543198,0.26994075504886195,0.9931504601337836
1,0,0,1,0,1.0,2,0,-0.17336036283282602,-0.27429704653702786,1.1977569913715491,-0.8076680750187681
1,1,0,1,0,1.0,1,1,0.47833144272299255,0.7445783468011383,0.26994075504886195,1.222898034472166
1,1,3,1,0,0.0,0,0,-0.3253410566142967,-0.10304001541355183,0.26994075504886195,0.024408124219845957
0,0,0,1,0,1.0,1,1,-0.475641084763258,-0.15292231658114633,0.26994075504886195,-1.1654710973060636
1,0,0,0,0,1.0,2,0,-1.1483275986873756,0.24921930153755226,0.26994075504886195,-1.9618038451023656
1,0,0,1,0,1.0,2,0,-1.2810072266765735,-0.7332581253210226,0.26994075504886195,3.328212578418089
1,1,2,0,1,1.0,0,0,0.6517207009173296,0.7445783468011383,0.26994075504886195,0.4360938620991778
1,1,3,0,0,1.0,2,0,-0.07635577269874491,0.24921930153755226,-1.9620121682963878,-0.6928500052749281
0,0,1,1,0,1.0,1,0,-0.28882127848286526,0.3645477549044799,-7.094543667830702,-0.9443342116940884
1,1,0,1,0,1.0,0,0,-0.34093022873180656,0.08510215968022333,0.26994075504886195,-0.08258699081278938
1,1,2,1,0,1.0,0,1,-0.009803623997192475,0.4033443341365981,0.26994075504886195,-0.06682145846646567
1,1,0,0,0,1.0,0,1,0.09803745859068783,-0.15292231658114633,0.26994075504886195,-0.4864364485916235
1,1,0,0,0,0.0,1,0,-0.48168420078928337,-0.10304001541355183,0.26994075504886195,-0.32633965582756597
1,1,2,1,0,1.0,1,1,0.6894163558795353,0.9308077728174219,0.26994075504886195,0.21348992650583298
1,1,2,0,0,1.0,1,1,-1.0061676345604755,-2.122771882398701,0.26994075504886195,-0.7197212766729606
0,0,0,1,0,1.0,0,1,0.2728945437309359,0.03967071118511401,0.26994075504886195,-0.279479089309475
1,1,0,1,1,1.0,2,1,-0.8153432389595474,0.7553834587540804,0.26994075504886195,-0.10716055517196252
1,0,0,1,0,1.0,1,1,-0.022512274827195467,-0.1195320798234484,0.26994075504886195,-0.6291197169792132
1,1,0,1,0,1.0,1,1,-1.3474453674170772,0.02429887349315886,0.26994075504886195,-0.1724964218874428
1,1,0,1,0,0.0,0,0,-0.23797438454605283,-0.16982497646190686,0.26994075504886195,-0.0215970947060254
0,0,0,1,0,1.0,1,1,1.0652891130200353,1.5631775991848489,0.26994075504886195,0.6583316606269992
1,1,0,1,0,1.0,0,0,0.5762746107928876,0.6896758628862689,0.26994075504886195,0.7266685044528151
1,1,2,0,0,1.0,2,1,-1.1812408829916803,-1.5479324127674339,-0.3177013989545319,-0.9800171607223681
0,0,0,1,0,1.0,0,0,1.3482044490904317,1.119531463640008,0.26994075504886195,1.2760687088816671
1,1,0,1,0,1.0,2,1,0.6205434560628812,0.4288041509771439,0.26994075504886195,0.1319778472311732
1,1,1,1,0,1.0,2,1,-0.07791083980788827,-1.9126104785090077,-1.0364247444970904,-0.6946906233136637
1,1,3,1,0,1.0,2,1,0.08022522650070542,-0.3286138341642324,0.26994075504886195,-0.0498935283256996
1,1,0,1,0,1.0,0,1,-0.511743429101722,0.33826663121530254,0.26994075504886195,-0.2064102843351858
1,0,0,1,1,1.0,0,1,0.7549068014309432,0.17303346177829954,0.26994075504886195,0.29099830831814805
1,1,0,1,0,1.0,2,1,-1.1039940661147514,-0.7785212953159051,0.26994075504886195,-0.6030952658770932
1,1,2,1,0,1.0,1,1,0.6190549032672866,0.7553834587540804,-1.9620121682963878,1.3131486190372939
1,1,0,1,0,0.0,2,0,-0.9857843406068981,-1.5479324127674339,0.26994075504886195,-1.7693703035636745
1,0,0,0,0,1.0,2,0,-1.6555705416923199,-2.622027212327823,0.26994075504886195,-2.5623944262938103
1,1,0,1,0,0.0,2,0,-0.43594418128970297,-0.4417962189813508,0.26994075504886195,-0.1969072551304485
1,0,0,1,0,1.0,1,1,-0.2803779543424496,-0.9453667175295052,-0.3177013989545319,-0.9343401144033999
1,1,3,1,0,1.0,1,0,0.657300578059309,0.29819795224392004,0.26994075504886195,0.17548050641395457
0,0,0,1,0,0.0,2,0,-0.4291004546629087,-1.2102535743801786,0.26994075504886195,-1.1103806139463646
1,0,3,1,0,1.0,0,1,1.213270891274657,0.7227946222925067,0.26994075504886195,0.8334629132428607
1,1,3,1,0,1.0,0,1,1.977259453055645,1.7032161650058344,0.26994075504886195,1.7375910238677492
1,1,0,1,0,1.0,1,1,1.9335179123984854,2.4625665590457952,0.26994075504886195,1.6858268668810221
1,0,0,1,0,1.0,2,1,-0.39341956661065214,-1.9126104785090077,0.26994075504886195,-1.0681452392263127
1,1,0,0,0,1.0,1,1,-0.5854910273906611,-0.42249030356946043,0.26994075504886195,-0.42261775332936113
1,0,0,0,0,1.0,1,1,-0.9008666695697748,0.03967071118511401,0.26994075504886195,-0.7141293444116108
1,1,1,0,0,1.0,1,1,-0.741430528997781,-0.7332581253210226,0.26994075504886195,-0.24312114202132248
1,1,0,0,0,1.0,0,1,-0.5752744618033662,0.3645477549044799,0.26994075504886195,-0.0434241194479308
1,0,0,1,0,1.0,1,1,-1.102487689221409,0.0700706610025659,0.26994075504886195,-0.5696767193143063
1,1,0,1,0,1.0,1,1,0.14354927914902185,-1.1544484718702892,-1.9620121682963878,-0.4325690857662691
1,0,0,1,0,1.0,0,1,1.2699334726074185,0.7445783468011383,0.26994075504886195,0.9005206019032571
1,1,0,1,0,1.0,0,1,-0.2817080599346367,-0.22139124533710594,0.26994075504886195,-0.11755344451961695
1,1,0,0,0,0.0,2,0,-1.3117154587347026,-0.6671952911465061,0.26994075504886195,-0.3798493314322152
1,1,2,0,0,1.0,0,1,-0.236250419837282,0.24921930153755226,0.26994075504886195,-0.21064969281456636
0,0,0,1,0,0.0,1,0,-1.044851390919501,-0.5411700164912777,0.26994075504886195,-1.8392981664160761
1,1,1,1,0,1.0,0,1,0.42074657130507603,0.5515375911690307,0.26994075504886195,0.2742358574617549
1,1,2,0,0,1.0,1,1,-1.1537648891318835,-0.27429704653702786,-1.9620121682963878,-0.8734607162740108
1,0,0,1,0,1.0,0,1,-0.7862136836823548,0.2296137341648422,0.26994075504886195,-0.5525535703495136
1,1,1,1,0,1.0,1,1,0.41169455319525383,-3.2079662125694086,0.26994075504886195,0.2022259872509527
0,0,1,1,1,1.0,1,1,1.1185411480799734,0.29819795224392004,0.26994075504886195,0.721353800516305
1,0,0,1,0,1.0,2,1,-0.17336036283282602,-0.5209035923012357,0.26994075504886195,-0.8076680750187681
0,0,0,1,0,1.0,1,1,0.12557266355299437,-0.23887426106345835,0.26994075504886195,-0.45384599732835834
1,1,3,0,0,0.0,2,0,-0.547126125823499,-1.2387401761693448,-1.9620121682963878,-0.42818385303591244
1,1,0,0,0,1.0,2,0,-0.8655725292917734,0.24921930153755226,-1.9620121682963878,0.11546891855933052
0,0,0,1,0,1.0,1,1,-0.1341504490484152,-0.31034681641645084,0.26994075504886195,-0.7612576079923536
0,0,1,0,0,1.0,0,0,0.14557130560148995,-0.9453667175295052,0.26994075504886195,-0.43017584231656086
1,0,1,0,1,0.0,2,0,-0.05283210779872194,0.4033443341365981,0.26994075504886195,0.19628463941473986
1,1,1,1,0,0.0,0,0,0.2557361816140205,0.24921930153755226,0.26994075504886195,-0.2997871693958276
1,1,3,1,0,1.0,2,1,-0.5045578545335446,-0.5411700164912777,0.26994075504886195,-1.1997003573347125
1,1,0,1,0,1.0,0,1,-0.12891614149755654,0.18732656483017285,-1.9620121682963878,0.3795266509465591
1,1,2,1,0,1.0,2,0,0.13204108619350993,-0.5209035923012357,0.26994075504886195,-0.4461900418791232
0,0,0,0,1,1.0,1,1,2.195264919914004,1.119531463640008,0.26994075504886195,1.9955793771295829
1,1,0,0,0,1.0,2,1,-1.023956961263304,-0.23887426106345835,0.26994075504886195,-0.4457879798300231
1,1,1,1,1,0.0,0,0,-1.0161045180656196,-1.356846235003067,-0.3177013989545319,-1.8052653784738406
1,1,2,1,0,1.0,2,1,-0.07092527888117638,0.5275754462414939,0.26994075504886195,-0.09383672064822912
1,0,0,1,0,1.0,1,1,-0.887700972599437,0.10002353649976206,0.26994075504886195,-0.3176960259409225
1,0,0,0,0,1.0,0,0,-0.6516189934188049,-1.3874747644544856,-0.3177013989545319,-1.3737824108132488
0,0,0,1,0,1.0,2,1,0.5557271417764572,0.3775622325805846,0.26994075504886195,0.05526626807485846
1,1,0,0,0,1.0,1,1,-0.14711063364423324,-0.08668041881459192,-0.3177013989545319,-0.1735359706591253
0,1,0,1,0,1.0,1,1,-0.8122182266679576,0.11483639325500206,0.26994075504886195,-0.3597918105955524
0,1,0,0,0,1.0,0,1,-0.03494749538752009,-0.08668041881459192,0.26994075504886195,-0.6438382554690923
1,1,1,1,0,1.0,0,1,0.5557271417764572,0.4288041509771439,0.26994075504886195,0.05526626807485846
1,1,2,1,0,1.0,1,1,1.0652891130200353,1.3005042827476305,0.26994075504886195,0.6583316606269992
1,1,2,0,0,0.0,2,0,-0.5779565161933713,-2.122771882398701,-1.9620121682963878,-1.2865845255618735
0,0,0,1,0,1.0,1,1,-0.01017592587738517,-2.167537614651137,0.26994075504886195,-0.6145182328117088
1,1,0,1,0,1.0,0,1,-0.6348209071650163,-0.3286138341642324,0.26994075504886195,-0.35404647470920136
1,1,3,1,0,0.0,1,0,-0.3117147856771816,-0.022525230663951786,0.26994075504886195,-0.4009128474236324
1,1,1,1,0,1.0,1,1,0.6375599498228369,0.6102378737347447,0.26994075504886195,0.15211716806010114
1,1,2,1,0,1.0,1,1,-0.38296805810093343,0.08510215968022333,0.26994075504886195,-0.8027785479216016
0,0,0,1,0,1.0,2,1,-0.6465604442162617,-0.3286138341642324,0.26994075504886195,-0.5895678115666153
1,1,0,1,0,1.0,2,1,1.239449818632929,-1.1001316842430864,-1.9620121682963878,0.8644445622790573
1,1,0,1,0,1.0,2,1,-0.5025109306505589,-0.6243145741385927,0.26994075504886195,-0.47618965148548287
1,1,0,1,0,1.0,0,1,-2.1847429712464153,1.0367623800146486,0.26994075504886195,0.2092740432760176
0,0,0,0,0,1.0,1,1,-1.1772858258455932,-1.7961925746217644,0.26994075504886195,-1.9960882652487824
1,1,1,1,0,1.0,1,1,-0.44134265229362607,0.15863934655955247,0.26994075504886195,-0.30387588041620284
1,0,0,0,0,0.0,2,0,-0.9094846729340591,-0.4809658651302225,1.1977569913715491,-0.7910965381615561
0,0,0,1,0,0.0,1,0,0.0389330677935728,0.10002353649976206,0.26994075504886195,-0.5563923792886656
1,1,0,1,0,1.0,2,1,1.5165268014461102,0.10002353649976206,0.26994075504886195,1.1923501474752358
1,1,1,1,0,1.0,0,1,-1.327300536988162,-0.38441893667411997,0.26994075504886195,-0.6827594578985937
1,1,2,0,0,0.0,0,0,-0.34139111335669026,-0.2922421743076363,0.26994075504886195,-0.17874256174602798
1,1,0,1,0,0.0,0,0,-0.09354783865863821,0.284664621214779,0.26994075504886195,-0.04503933582717361
1,1,2,1,0,1.0,2,1,-0.4423262137073982,0.0700706610025659,0.26994075504886195,-0.3880120088208087
1,1,2,1,0,1.0,2,1,-0.4393773979735462,-0.3656468330399751,-4.405608334510434,-0.8724460622886013
1,1,1,1,0,1.0,2,1,1.0174575185401453,0.6672936725236185,0.26994075504886195,1.052760751735919
1,0,2,1,0,0.0,0,0,-0.24186032304715732,-0.3286138341642324,0.26994075504886195,-0.8887482012647633
1,0,0,1,0,1.0,2,0,-0.24402339056362815,-0.6032080761786183,0.26994075504886195,-0.8913085368349801
1,0,0,1,0,1.0,0,1,-0.036840344320912585,0.31164195370455794,0.26994075504886195,0.4752144842201093
1,1,0,1,0,1.0,0,1,0.5108726714613824,0.12954229704325454,0.26994075504886195,0.0021796729613945405
1,1,2,1,0,0.0,0,0,-0.3529579484848483,0.29819795224392004,0.26994075504886195,-0.2612101192759424
1,1,2,0,0,1.0,2,1,-0.38438912497933186,-0.9453667175295052,0.26994075504886195,-0.2456428954598662
0,0,3,0,0,0.0,2,0,-1.2860832445461468,0.24921930153755226,0.26994075504886195,-2.124899404958245
1,0,0,1,0,0.0,0,0,0.6272243272596033,0.9699774189662935,0.26994075504886195,1.1172012459343865
1,1,2,1,0,1.0,2,0,-0.547126125823499,0.24921930153755226,0.26994075504886195,-0.452635037842969
1,1,1,1,0,1.0,2,1,-1.5556362526548042,-2.9265872913088407,0.26994075504886195,-1.2401482810073077
0,0,2,1,0,1.0,2,0,-0.3130720402424608,0.12954229704325454,0.26994075504886195,-0.9730391630176264
1,1,1,1,1,1.0,2,1,0.9601557203962161,1.2504175253559764,0.26994075504886195,0.5339087645425742
1,1,1,0,0,1.0,0,1,-1.1812408829916803,0.02429887349315886,0.26994075504886195,-0.5166886154210727
1,1,0,1,0,1.0,1,1,-0.07596724932667262,0.9504867551460656,0.26994075504886195,0.4070177738321964
0,0,1,1,0,1.0,1,1,-0.2623132064165161,-0.2922421743076363,0.26994075504886195,-0.9129574923971673
1,1,3,1,0,1.0,1,1,0.05401089567834792,-0.08668041881459192,0.26994075504886195,-0.46031797174040223
1,1,2,1,0,1.0,0,1,-0.75160478236161,-0.07045117895197808,0.26994075504886195,-0.3117069765044011
1,1,2,1,0,1.0,2,1,-0.4821888578365924,0.8807620406506358,0.26994075504886195,1.1977780160838603
1,1,1,1,0,1.0,2,1,-1.470315281569115,-0.6032080761786183,0.26994075504886195,-0.9725034908504794
0,1,0,1,0,1.0,1,1,1.3554790097432299,0.24921930153755226,-1.0364247444970904,1.0017595214477997
0,1,0,1,0,1.0,1,1,-0.004971811488302472,0.6896758628862689,0.26994075504886195,0.19826722570520183
1,1,0,1,0,1.0,2,1,-0.75160478236161,-0.15292231658114633,0.26994075504886195,-0.39386479139856756
1,1,1,1,0,1.0,2,1,0.5770398724992843,1.8967247729002419,0.26994075504886195,1.0532938833294245
1,1,1,1,0,1.0,1,1,0.5724426303855404,1.3332240036886576,0.26994075504886195,0.5992229936657146
0,1,1,1,1,0.0,2,0,1.5650343814834076,1.6062093158463395,0.26994075504886195,1.2497556700266181
0,0,1,1,0,1.0,1,1,-0.21443614679718986,-0.6243145741385927,0.26994075504886195,-0.856287398343134
1,0,0,1,0,0.0,0,0,0.6257421732749622,-0.18686908283922063,0.26994075504886195,0.13813062457424982
0,0,0,1,0,0.0,1,0,0.2728945437309359,-0.4612868828015787,0.26994075504886195,-0.279479089309475
1,1,0,0,0,1.0,0,0,-0.5629963775011092,-1.356846235003067,0.26994075504886195,-0.9591622292717703
1,0,0,1,0,0.0,0,0,0.3108965306067358,-0.08668041881459192,0.10458445304922687,-0.2345013311656491
1,1,2,1,0,1.0,2,1,1.553796481620413,1.119531463640008,0.26994075504886195,1.4091507242002492
1,1,0,1,0,1.0,0,1,-0.18748828976077597,-2.2601335063176538,-1.9620121682963878,-0.8243905467830341
0,0,0,1,1,1.0,2,1,-0.29686282409932735,-0.1195320798234484,0.26994075504886195,-0.9538527509045431
0,0,1,1,0,1.0,2,0,-0.741430528997781,0.4288041509771439,0.26994075504886195,-1.4800987685419347
1,1,1,1,0,1.0,1,0,-0.18707092107547188,0.31164195370455794,0.26994075504886195,0.24190403732425686
1,1,1,1,0,1.0,2,0,-1.1375098491410598,-0.27429704653702786,0.26994075504886195,-0.30201624656951753
1,1,3,1,0,1.0,2,1,0.9507637540948521,-0.022525230663951786,-1.9620121682963878,0.5227935418296367
0,1,1,1,0,1.0,1,1,-0.3594732409306557,-0.42249030356946043,-4.405608334510434,-0.5826247020307705
1,1,0,1,0,1.0,0,1,0.4173582502243405,-0.07045117895197808,0.26994075504886195,-0.10849827205435815
1,1,1,1,1,1.0,1,1,-0.3026966371955504,0.45394964105656915,0.26994075504886195,-0.0948326611879066
0,1,2,1,0,1.0,2,0,-1.7259584841506046,0.5154878212896077,0.26994075504886195,-1.0653262361546723
1,1,0,1,0,1.0,2,1,2.4869020919102733,2.65796113306807,0.26994075504886195,2.8504662634034124
0,0,0,0,0,1.0,0,0,-0.3253410566142967,-0.6243145741385927,0.26994075504886195,-0.9875617057552912
1,0,0,1,0,1.0,1,1,0.22340407317761976,0.31164195370455794,0.26994075504886195,0.7266685044528151
1,0,0,1,0,1.0,2,0,-0.17336036283282602,0.6217776146681756,0.26994075504886195,0.6947630500375994
1,1,2,1,0,0.0,1,0,0.07459467161382949,-0.03837557389700688,0.26994075504886195,-0.5141832481823655
1,1,2,1,0,1.0,2,1,-0.9309044171303419,-1.0212795598522046,-1.9620121682963878,-1.0497310334830463
1,1,3,1,1,1.0,1,1,1.3696206038953036,1.4127950143486587,0.26994075504886195,1.0184953455666113
1,1,2,1,0,1.0,0,1,1.0652891130200353,0.49109520846945826,0.26994075504886195,1.2497556700266181
1,1,0,0,0,0.0,0,0,-0.24879278061530105,0.3249977971446943,0.10458445304922687,0.5099392325683164
1,0,3,0,0,1.0,1,1,0.17921908176119766,0.2710407655594623,0.26994075504886195,0.2578671041098642
0,1,1,1,1,1.0,1,1,2.383038063071523,3.111603669461462,0.26994075504886195,2.2177890071033586
1,1,2,1,0,1.0,2,1,1.3014294560195105,-0.2922421743076363,0.26994075504886195,0.9377946098052395
0,1,0,1,0,1.0,1,1,-0.9114802591619121,-0.5209035923012357,0.26994075504886195,0.2893828076948975
0,0,0,1,0,1.0,2,1,-1.302267741272567,-1.7588198044838563,0.26994075504886195,-0.9464451821363182
1,0,0,1,0,1.0,1,0,0.17029535109923924,0.24921930153755226,0.26994075504886195,0.2761360741434001
1,1,2,0,0,1.0,1,0,0.5877140930248458,0.7445783468011383,1.1977569913715491,0.5251641249089626
1,0,0,1,0,1.0,2,1,0.3679612022232601,0.10002353649976206,0.26994075504886195,-0.16696208057603254
1,0,0,1,0,1.0,1,1,0.19332583447390114,-0.6456420865664005,0.26994075504886195,-0.37365441593081045
1,1,0,1,0,1.0,1,1,-0.5413474670832047,0.02429887349315886,0.26994075504886195,0.011291435284877784
0,0,0,0,0,1.0,1,1,0.07741250317746524,-0.15292231658114633,0.26994075504886195,-0.5108480677196191
1,1,0,0,0,1.0,0,1,-1.294580352739507,-0.6243145741385927,0.26994075504886195,-0.8882365623204261
1,1,3,0,0,1.0,1,1,-1.0942286574477134,-0.6456420865664005,1.1977569913715491,-1.327715068050717
1,0,0,0,0,1.0,0,1,-0.4247168031189551,-0.15292231658114633,0.10458445304922687,-0.011097362561403035
1,1,0,1,0,1.0,1,1,-1.0492097310837654,-0.6032080761786183,0.26994075504886195,-0.820935211879843
1,1,1,0,0,1.0,2,0,-0.7960688534781545,0.15863934655955247,-1.9620121682963878,-0.47578096671142717
1,1,0,1,0,1.0,1,1,-0.8022602746159628,-0.4417962189813508,0.26994075504886195,-0.4253986938976201
1,1,0,0,0,0.0,0,0,-0.27021818400512787,0.3249977971446943,0.26994075504886195,0.27233367208046416
1,1,0,1,0,1.0,1,1,-1.1662650016833969,-1.9126104785090077,0.26994075504886195,-1.2333447765947805
1,1,2,1,1,1.0,0,1,2.216419951194601,2.287462802186758,0.26994075504886195,2.0206141908327493
0,1,0,1,0,1.0,1,1,-0.43545434132406635,0.351449582263134,0.26994075504886195,-0.12125543087850375
1,0,2,1,0,0.0,1,1,0.248819351978235,0.503328030985214,0.26994075504886195,-0.30797371710534605
0,0,0,0,1,1.0,2,1,2.2742836546592673,-0.07045117895197808,0.26994075504886195,2.08908986103047
0,0,0,1,0,1.0,0,1,-0.43594418128970297,0.03967071118511401,0.26994075504886195,0.10090082323827781
1,0,2,1,0,1.0,0,1,0.42974608511754786,0.45394964105656915,0.26994075504886195,1.025904841319349
1,1,0,1,0,1.0,2,0,0.48862470445740647,1.3733980640506376,0.26994075504886195,-0.024151552634429318
1,1,3,0,1,1.0,0,1,0.4769719682837278,0.008810138574648812,0.26994075504886195,-0.03794298836376822
0,1,2,0,0,1.0,1,1,-4.638648571776142,-0.5616401267484269,0.26994075504886195,-1.1412387578013772
1,1,2,1,0,0.0,2,0,1.1497071214679746,1.3971275615055538,0.26994075504886195,0.7582376511851096
1,1,2,1,0,1.0,1,1,-0.12891614149755654,-0.6032080761786183,0.26994075504886195,-0.7550620894805071
1,1,3,1,0,1.0,0,1,-0.295519668847419,0.29819795224392004,0.26994075504886195,0.3102742474712519
1,1,3,0,0,1.0,0,1,-0.4711241439362394,-0.27429704653702786,0.26994075504886195,-1.1601243382907709
1,1,1,0,0,0.0,0,0,-0.7101323761648336,-0.27429704653702786,-1.9620121682963878,-0.6202564782371224
1,1,3,1,0,1.0,0,1,-0.03267912060005295,-2.3571403554771493,-1.9620121682963878,-0.6411533663629883
1,1,1,1,0,1.0,1,1,0.7669125709688488,0.8807620406506358,0.26994075504886195,0.3052071645168953
1,1,0,1,0,1.0,0,0,-0.3953274279986178,0.5515375911690307,0.26994075504886195,-1.0704035621923058
0,1,1,1,0,1.0,1,1,0.14624472925714477,0.15863934655955247,-1.9620121682963878,0.4534195695017671
1,1,0,1,0,1.0,1,1,0.4747943285181693,0.6102378737347447,0.26994075504886195,0.9676369839405063
1,1,0,0,0,0.0,2,0,-0.5194793670731671,-0.5209035923012357,1.1977569913715491,-0.4064134354793057
1,1,2,1,0,0.0,1,0,-0.5865703791408083,0.03967071118511401,0.26994075504886195,-0.37558808260756454
0,0,0,1,1,1.0,2,1,-0.8022602746159628,-0.6671952911465061,0.26994075504886195,-1.5521086387527352
1,0,3,1,1,1.0,1,1,1.2450973267052576,1.6483506569335753,0.26994075504886195,0.8711281409182974
1,1,3,1,1,1.0,0,1,0.46988343547717826,-0.5209035923012357,0.26994075504886195,0.3645912323017503
1,1,0,1,0,1.0,2,1,-0.741430528997781,-0.23887426106345835,0.10458445304922687,0.08561433654393583
1,1,2,1,0,1.0,2,1,-1.8174922101168456,-4.033800850275467,-3.263933879485124,-1.6385695996556544
1,0,0,0,1,1.0,0,1,-0.75160478236161,-0.4417962189813508,0.26994075504886195,-0.37365441593081045
1,0,0,1,0,0.0,1,0,-0.5262151883109453,-0.7785212953159051,0.26994075504886195,-1.2253366402894366
0,1,0,1,0,1.0,2,0,0.050792244597995605,-0.3286138341642324,0.26994075504886195,0.280742714856555
1,1,0,1,0,1.0,0,1,0.4671484302241809,0.6672936725236185,0.26994075504886195,0.6585519781816978
1,0,0,1,0,1.0,2,1,-0.6083166086732382,-1.2102535743801786,0.26994075504886195,-1.3225230777689565
1,0,0,1,0,1.0,0,1,-0.4398684782366321,-0.7557639767034926,0.26994075504886195,0.11872348064569353
1,1,0,1,0,1.0,2,1,4.212089392887042,2.699871229583681,-1.9620121682963878,4.382224717063861
1,1,0,1,0,1.0,2,1,-0.8655725292917734,-1.1001316842430864,0.26994075504886195,-1.627058487718029
1,0,0,1,0,1.0,0,1,1.0652891130200353,0.7445783468011383,0.26994075504886195,1.3405512142346612
1,1,0,1,0,1.0,1,1,-1.0852686628946115,-0.022525230663951786,0.26994075504886195,-0.19585439282125539
1,1,0,1,0,1.0,1,1,-0.2803779543424496,-0.2565086467743707,0.26994075504886195,-0.2191579899788073
1,1,0,0,0,0.0,1,0,-1.429816820155989,0.8908700456464086,0.26994075504886195,-0.08522779146924271
1,1,2,1,0,1.0,1,1,0.6190549032672866,0.9796532510652315,0.26994075504886195,0.5707890513146427
0,0,1,0,1,1.0,1,0,-0.12570378408036334,-1.4822248168996224,0.26994075504886195,-0.7512598280338492
1,1,1,1,0,1.0,2,0,2.2885666835857887,2.740936306638915,0.26994075504886195,2.105992317250697
1,1,0,1,0,1.0,0,1,-0.40394195518936266,-0.3656468330399751,0.26994075504886195,-0.21383568552743026
1,1,0,1,0,1.0,0,1,0.9827028043458277,0.6672936725236185,0.26994075504886195,0.9436511262219165
1,1,0,1,0,1.0,0,1,-2.1847429712464153,-0.2922421743076363,0.26994075504886195,-0.7843162010549992
1,1,0,1,0,1.0,0,1,-0.4811797078314126,0.144142781260235,0.26994075504886195,-0.10749489302954907
0,0,0,1,0,1.0,1,1,-0.5629963775011092,-0.8721818805907352,0.26994075504886195,-1.2688756533382903
1,0,1,0,0,1.0,2,1,-0.23840567518907135,-0.5209035923012357,-1.0364247444970904,-0.8846590763231079
1,0,0,1,0,1.0,0,1,-0.5298543176548385,-0.15292231658114633,0.26994075504886195,-0.25648981361683265
1,1,2,1,1,1.0,0,1,0.6190549032672866,-0.3656468330399751,0.26994075504886195,0.4771609634269326
1,0,0,0,0,0.0,2,0,-0.4193757717578354,-0.054350234817183,-1.9620121682963878,-0.11990839021656202
0,1,2,1,0,1.0,2,1,1.9633374283179823,-1.2387401761693448,0.26994075504886195,1.7211155775111708
1,1,3,1,0,1.0,1,1,0.3238602565358091,0.8807620406506358,0.26994075504886195,0.6585519781816978
1,0,0,1,0,1.0,2,1,-0.40538237127140053,-0.3286138341642324,0.26994075504886195,0.04544797548003549
0,0,0,1,0,1.0,2,1,1.4102450290777093,1.4049763528227515,0.26994075504886195,1.0665721076843253
1,1,2,1,0,1.0,0,0,0.28587069648215424,0.7227946222925067,0.26994075504886195,0.37078614780315833
1,1,0,1,0,1.0,1,0,0.48321571143093,1.3971275615055538,0.26994075504886195,1.0511604274799509
0,0,1,1,0,1.0,0,1,-0.14792425090370856,-0.2922421743076363,0.26994075504886195,-0.7775608113686949
1,1,1,1,0,1.0,1,0,1.7361522651824677,2.010406016884565,0.26994075504886195,2.585855284482828
1,1,1,0,0,0.0,1,1,0.3588885345864816,0.4414157010319368,0.26994075504886195,0.2619729940204984
1,1,0,0,0,1.0,0,0,0.23743396643914283,0.054927402944577285,0.26994075504886195,-0.32144912687959215
1,1,1,1,0,0.0,1,0,1.0591331991338424,0.3249977971446943,-0.3177013989545319,0.6510463099730152
1,1,2,0,0,1.0,0,0,-0.9444434915062955,-0.27429704653702786,0.26994075504886195,-1.7204287205576088
1,1,0,1,0,1.0,1,1,-0.16305364180386167,-0.3286138341642324,0.26994075504886195,-0.795468586016326
1,0,0,1,0,0.0,0,0,0.6798989631896079,-0.42249030356946043,0.26994075504886195,0.2022259872509527
1,0,0,1,0,1.0,1,1,-1.2067948206197483,-1.9126104785090077,0.26994075504886195,-0.7944961197118783
1,0,2,1,0,0.0,0,0,-0.259687138520341,-0.9703579369157057,0.26994075504886195,-0.9098491118468097
1,0,0,0,0,0.0,0,0,0.5673185567776814,-0.23887426106345835,0.26994075504886195,0.06898500941046841
1,0,0,0,0,1.0,1,1,-0.5576882365787909,-0.31034681641645084,0.26994075504886195,-0.16144437141985676
0,0,0,1,0,1.0,0,1,-2.902534860156451,-0.27429704653702786,1.1977569913715491,-0.5444756806356239
1,0,0,1,0,1.0,0,1,-0.07325030640655872,0.15863934655955247,0.26994075504886195,0.2022259872509527
1,0,0,1,0,1.0,0,1,-0.6083166086732382,-0.054350234817183,0.26994075504886195,-0.3969939209840575
1,0,0,1,0,1.0,1,0,0.17128941503816378,0.7227946222925067,0.26994075504886195,0.22970086264845663
1,1,0,0,0,1.0,0,1,-0.9635988962676971,-0.3286138341642324,0.26994075504886195,-0.562379859265007
1,1,0,1,1,1.0,1,1,-0.2986555083868743,-3.2848341586968663,-3.263933879485124,-0.955974700103317
1,0,0,1,0,1.0,2,0,-0.43545434132406635,-1.1271090167328655,0.26994075504886195,-1.1179017249580179
1,1,1,0,0,1.0,1,1,-0.7054624912903558,1.5559164192078794,-1.9620121682963878,0.9489248739509114
0,0,0,1,0,1.0,2,1,-0.40154422935557227,-2.9265872913088407,0.26994075504886195,-1.0777623549687376
1,1,0,1,0,1.0,2,0,0.9889733582840943,1.5266100312026445,0.26994075504886195,0.5680138654885664
0,0,0,1,0,1.0,1,1,-0.012411615137790252,-1.2102535743801786,0.26994075504886195,-0.6171644254483081
0,0,0,1,1,1.0,1,0,-0.741430528997781,-0.5411700164912777,-0.3177013989545319,-0.5491480208641975
1,1,1,1,0,1.0,1,1,-0.58171919828957,-0.10304001541355183,1.1977569913715491,-0.3833431789943875
1,1,0,1,0,1.0,2,1,-0.9913806246839025,0.24921930153755226,0.26994075504886195,-1.0213510277860565
1,1,1,0,0,1.0,2,1,0.3729141042472739,0.7337156073119748,0.26994075504886195,0.19202901746805537
1,1,1,1,1,1.0,1,1,-0.5747386068236772,-0.6243145741385927,0.26994075504886195,-1.2827753616646955
0,0,0,1,0,1.0,0,0,-0.8798548467603032,-2.0789689290941507,0.26994075504886195,-1.6439662503515307
1,1,1,1,0,1.0,0,1,0.3485810310352174,0.4288041509771439,0.26994075504886195,0.036195395811517504
1,1,0,1,1,1.0,0,1,-0.7552116838192041,0.3249977971446943,0.26994075504886195,0.15269763481797688
1,1,1,1,0,1.0,0,0,0.13780585237723655,-0.022525230663951786,0.26994075504886195,0.08290345965757916
1,1,0,1,0,1.0,1,1,0.6190549032672866,-0.022525230663951786,0.26994075504886195,0.13021611704015376
1,0,0,0,0,1.0,0,1,-0.08297559886074797,-1.7221204543640933,0.26994075504886195,0.20391998983756177
1,0,0,0,0,1.0,2,1,-0.6731610226809561,-1.5479324127674339,-1.9620121682963878,-1.399283047686527
1,1,1,1,0,1.0,2,1,-0.9906799843115242,-0.8483598683700103,0.26994075504886195,-0.8765080469982538
